Y_true,Y_pred
267,220.85000601682503
266,208.69926277797953
265,192.60181118242514
264,182.31720600262838
263,173.5289285423833
262,173.8449179751222
261,162.72818411056005
260,164.066659029083
259,153.84646104325282
258,145.4579798674553
257,131.55078725813885
256,131.78130911515368
255,136.43653599537134
254,142.6922184318987
253,138.53238435305303
252,139.04737076239277
251,152.93006362606897
250,141.60774272837293
249,126.84857611834514
248,144.7161171349891
247,137.52085506759212
246,122.32464021723528
245,130.79982548365058
244,124.44872945381742
243,121.61710213985812
242,137.01997976653593
241,138.79080966401153
240,116.57078746430095
239,127.38435979246104
238,133.79142950531917
237,122.73594099792282
236,128.1831531737418
235,117.37864028558221
234,121.91097898016022
233,116.6566703419493
232,136.788026473196
231,125.1315890829101
230,133.25159482385467
229,127.36071210603886
228,129.50411784376166
227,126.0586240608478
226,121.39955840630577
225,113.05270273233211
224,116.72831053541863
223,123.88625863329223
222,125.0331847711663
221,123.83834194023842
220,112.86632607267202
219,108.10691025056309
218,128.6644984033802
217,120.32541601897285
216,118.0609549292842
215,110.01839369166616
214,137.8763171673091
213,131.1423611386434
212,126.84317372588512
211,119.54473471026958
210,112.51343116792481
209,123.44644538462094
208,124.79632977570489
207,113.28145845312021
206,119.11876773157245
205,120.10642368271613
204,128.09482840793734
203,116.0065075456737
202,122.83095735876816
201,131.66329791807615
200,122.92108347508037
199,121.99708029275803
198,123.18270792393005
197,125.92343074060264
196,123.73912634927083
195,123.26704630320775
194,111.37919228511035
193,129.51386962064444
192,113.74489529169841
191,121.90876299676603
190,125.15312193381197
189,122.22403828437636
188,123.62153084402523
187,106.82347113501
186,126.74678097199372
185,124.95798392877187
184,107.15916956744539
183,107.3144550413789
182,115.60599749555944
181,119.42704855456583
180,135.52689400944328
179,102.71872455283457
178,120.83746747957966
177,125.43101734513753
176,99.78970073598323
175,113.24026243575057
174,125.40974776555109
173,100.7756015647684
172,109.63717504217533
171,115.27480762806896
170,101.38266078758767
169,126.53417049253727
168,125.65038011284496
167,115.99967917812896
166,106.55745954596807
165,112.83425349504161
164,106.85165866331208
163,114.55083008330548
162,118.32014465530959
161,101.05595616926739
160,110.34322986938811
159,108.64138589677323
158,119.03914797083569
157,82.178914707091
156,99.86148116929478
155,92.01512950490924
154,111.09506121211398
153,111.39797537576553
152,90.67780440335817
151,115.91898457976477
150,105.77875677787772
149,101.33042417528807
148,112.43185015927362
147,121.8235003216155
146,118.84037912012319
145,93.8700494023643
144,103.74518396129692
143,110.51294246078226
142,101.79694350408339
141,99.24428731223144
140,94.56828748894215
139,103.57410928586593
138,88.4610931839415
137,106.68388057275773
136,105.84177867208076
135,104.09079105912572
134,97.87973169685642
133,94.65223702953907
132,99.64508556329938
131,108.58256982702135
130,115.59207061413876
129,103.75511459673264
128,100.20211856463038
127,105.99570661363316
126,104.87895013875844
125,103.81137044569273
124,91.26664356508081
123,94.32810182285942
122,92.22968334250452
121,103.72580805147147
120,103.26177764418277
119,100.92156826094707
118,104.81440132467941
117,77.04689148883224
116,81.68551385448073
115,83.34013902763729
114,83.61792757451094
113,71.56872692481497
112,73.57200062792003
111,71.65498705030436
110,70.76001600133392
109,80.2394058011537
108,87.09143436612169
107,83.72922180141671
106,90.1791517225752
105,86.52334738810822
104,92.30510390499603
103,76.65048321624636
102,88.1372760428649
101,70.6652767528279
100,68.80024634958502
99,87.05452427327481
98,99.59109073278556
97,86.21962069900547
96,92.29447854589789
95,104.87257229601408
94,97.55366522159127
93,90.63791823992815
92,91.06240477199779
91,91.49138685406572
90,89.61580563132222
89,84.74081977034956
88,83.56411034382953
87,59.5171349718715
86,68.25605587756812
85,91.84634558275792
84,91.22030040225556
83,76.31577365399714
82,79.84125277094402
81,77.52206560962793
80,68.24277020244577
79,90.41062240397153
78,78.00224982400668
77,80.76827424540194
76,88.39855037905352
75,63.305001675569564
74,71.74723879620721
73,61.95377553194305
72,69.41255433547477
71,76.35158910143778
70,77.15419179263341
69,77.2030744856084
68,78.00292590376789
67,66.84913663164953
66,66.13809397616923
65,89.90045674349064
64,78.79783955948926
63,62.24376778140186
62,75.32432857921552
61,74.92873796800359
60,72.2132443787281
59,75.51575562490297
58,72.86220155490807
57,81.312816649039
56,77.66297423355019
55,76.52155712431833
54,68.95595996028845
53,76.29941346291754
52,76.82413018881252
51,81.18282139507441
50,88.9559201424014
49,72.19697724352957
48,77.39825064890225
47,63.810928255650055
46,64.79614980386833
45,69.21522962264973
44,81.01032010154663
43,65.43742967453377
42,60.9814544599291
41,55.89114825823808
40,71.11413143181865
39,80.45030920505556
38,62.03264060624182
37,64.69117023453302
36,66.05977681863249
35,87.72218207393269
34,53.21328584916882
33,71.13325189594397
32,60.32342182300948
31,50.90116117642832
30,39.87071440478874
29,61.06988731156977
28,53.927002841581356
27,23.624895664034426
26,48.13583068061555
25,22.049455488290704
24,28.137934305299183
23,34.67945849233668
22,55.317665776004674
21,37.09468093187175
20,36.3123053877124
19,12.8403791561514
18,8.008671226973362
17,16.754406480841908
16,14.288800860308527
15,3.832994603970775
14,19.38432988331553
13,18.774030735103807
12,10.614644534490907
11,7.349948154313196
10,0.0
9,0.0
8,0.0
7,1.8242382148139882
6,0.0
5,6.307851012850108
4,0.0
3,0.0
2,0.0
1,0.0
257,272.64805903710453
256,224.812633238408
255,212.47827999591607
254,208.0921187775013
253,211.46500676189635
252,216.22969484053615
251,199.3405536787222
250,204.97050590988715
249,194.06663311267187
248,188.77082681654986
247,182.33072238151954
246,173.88376306439773
245,178.41873158359851
244,177.32362795227786
243,189.5548482746681
242,186.88882664798808
241,178.80738044847118
240,173.8673927501376
239,188.09677457194056
238,155.9816963286971
237,168.37553055207906
236,165.43548437490927
235,166.21389252725947
234,175.72660559199852
233,165.9713638631015
232,163.23263191378203
231,179.8684841435799
230,187.84793915904194
229,154.6035976118015
228,162.71448484202807
227,151.70199385122254
226,153.5023943746035
225,177.86287946987102
224,167.95186789561177
223,177.37321961618858
222,155.9785757953461
221,177.27429215768902
220,162.23504064355748
219,165.04461717011245
218,160.8678892338643
217,152.9681636242943
216,178.90103063187738
215,157.99184633354577
214,155.52569439975093
213,161.08624129896958
212,143.3311750876174
211,165.02714372368487
210,132.22277094430206
209,154.83769075581984
208,162.69275426068145
207,158.37688632518655
206,153.75998280800445
205,146.55998889405993
204,147.6829158661599
203,139.03979523319782
202,154.93186391374175
201,164.50332075928134
200,142.72417542664823
199,133.25079350328855
198,156.2741521862754
197,142.0078438221019
196,156.9685712595475
195,151.05118347119202
194,167.8511051108066
193,150.08706653716138
192,142.99621560914562
191,140.95044888490372
190,143.06418359142734
189,154.8295513365125
188,133.84952460861302
187,147.63547445828263
186,149.73971236009535
185,148.34121998359632
184,158.51833718796377
183,152.09059391890324
182,156.05999720292812
181,157.0850892768941
180,148.5310119780023
179,136.7634739728775
178,141.0345858586291
177,167.87845353309206
176,146.52061142099757
175,163.62151311646056
174,153.66354976504698
173,140.39364773124572
172,169.795105884781
171,178.7597641181836
170,123.97001497183314
169,154.18417892489532
168,156.35241133946093
167,156.93197681988602
166,165.41536412326892
165,154.03017320761296
164,162.22267517392936
163,172.4125626640536
162,148.39154711218256
161,148.43302819749667
160,148.77077267782707
159,126.55589062668261
158,147.4626674583372
157,147.49062229072138
156,136.8534797891593
155,148.55134622275102
154,142.7228294321557
153,141.58131118759533
152,149.93707798264012
151,141.01779604834317
150,130.21717731667297
149,145.04537710255053
148,155.16553214245516
147,124.99129164184879
146,124.9983050935042
145,150.9778386727538
144,145.82891490032887
143,151.43219241340202
142,139.68023621655948
141,148.32276068836023
140,139.0227736818807
139,147.46874612877045
138,149.51931505603727
137,127.56776231453267
136,139.71505209210858
135,142.93262539718293
134,140.16671961252752
133,131.09423099890887
132,142.95357130683323
131,129.45536767912182
130,152.02256571341186
129,135.50362790675956
128,150.34451449812644
127,123.54393646725293
126,137.47540699742953
125,129.04704101163736
124,133.3062362002648
123,138.37256817848663
122,125.33237927907297
121,118.93333124361304
120,120.34098557294288
119,132.29465084219726
118,136.2460688021708
117,143.9392396726096
116,132.79347321007424
115,129.4288635779247
114,129.21102265996575
113,138.47419131428518
112,133.7094747202906
111,144.0498490381218
110,138.8952521083031
109,138.90192955083415
108,141.085398910399
107,128.01453388494983
106,134.7394711009707
105,130.1379729636796
104,131.48629069469695
103,124.38457918415753
102,136.23805384400868
101,110.1091459625897
100,121.08874919902203
99,125.88512993294742
98,125.51926883268558
97,113.55313427707361
96,126.32797500235554
95,124.69524468237836
94,113.93306161816574
93,115.42374037215052
92,111.01028167153834
91,115.7127313178177
90,102.49125936855482
89,104.7397637007921
88,100.55450764827621
87,111.72981713833691
86,112.53684676056925
85,99.75029266256587
84,105.0684118448136
83,79.18637663904943
82,113.86822617431777
81,108.63412044015942
80,106.700017962159
79,112.78325496010609
78,108.03991227104868
77,96.99854363493066
76,94.00239119986755
75,68.76213082568455
74,83.35194032630446
73,91.02658809656802
72,53.169741039516694
71,78.10968935940082
70,88.12168586899007
69,101.55899198701528
68,67.6653635962761
67,82.09848577126306
66,86.70501205037442
65,85.13792576317063
64,84.74890594386551
63,78.8863060495585
62,82.48741331745133
61,81.96749145664708
60,80.23354724497865
59,81.51403682415503
58,76.35099056514892
57,56.1749458530531
56,78.58875523382758
55,74.53238441782565
54,75.12686392665762
53,81.77850337438281
52,75.29125293334232
51,71.93911934356706
50,61.83700196277548
49,64.72525928347282
48,69.89957476059644
47,61.51545159369411
46,62.39576080682173
45,64.22623984205582
44,51.51331008127325
43,64.8655646223358
42,59.329999454057116
41,44.71452913760325
40,50.43022168399944
39,72.744572927736
38,60.214780455272006
37,49.15322813573233
36,40.39399035772804
35,50.59723597090311
34,49.83161765128948
33,41.72909968079183
32,28.154704059315407
31,25.21086703615657
30,48.4874767419158
29,40.11406360720602
28,32.84516931872548
27,43.439709188898334
26,37.06005372745854
25,38.38948316451339
24,11.613886600231822
23,33.39471239790524
22,25.83883655620427
21,16.306975435526425
20,0.0
19,7.798308910069437
18,0.0
17,8.427263393389481
16,0.0
15,10.381861828517202
14,0.0
13,0.0
12,1.5923108366500287
11,0.0
10,0.0
9,0.0
8,0.0
7,0.0
6,0.0
5,0.0
4,0.0
3,0.0
2,0.0
1,0.0
208,255.0967602091861
207,199.57754204925493
206,204.03635054369207
205,188.14836007137674
204,181.34440589108897
203,171.43126120597228
202,181.79537523352695
201,149.32703074725316
200,181.05718417372532
199,152.7413109968258
198,150.68065581075257
197,145.77414581763023
196,154.10270337072927
195,144.19564492006324
194,146.5068936620047
193,168.39204690224855
192,125.63149259152154
191,134.12870294800206
190,160.19977924753957
189,156.6723334267491
188,144.57313798754487
187,151.46942174596973
186,135.15034293848424
185,135.21499713940105
184,126.86738794719385
183,140.00340083757513
182,131.26442765861526
181,111.96999468435698
180,120.11371935738293
179,135.90494003428927
178,119.66590387581347
177,116.59246226362484
176,132.40778423445124
175,133.9467745247837
174,134.77177432838664
173,130.68877107357687
172,130.28355226223997
171,136.53780878455234
170,135.58907966696972
169,131.3087200484426
168,121.8686322630035
167,131.40262955232734
166,124.2978299615105
165,144.71964433468565
164,119.68953325591065
163,145.8457191927
162,126.86193206282933
161,137.65026279084248
160,139.41159457790994
159,140.86841247141473
158,131.2843002539741
157,116.83410401306539
156,136.34163709128887
155,144.32229810510157
154,131.7397465072021
153,132.52667870990356
152,133.96113323437189
151,149.58347828656827
150,138.51042238585268
149,136.2888887509846
148,149.5234872948766
147,134.7249821740829
146,134.04305027457667
145,138.99740641127775
144,127.14445406415713
143,131.0784812192782
142,143.1623002847575
141,138.43491739544456
140,122.04662284207474
139,146.23980235406844
138,132.6775829249906
137,117.2671247728172
136,122.28530392411156
135,118.87064708173233
134,120.36998075017195
133,109.61026096178438
132,134.96398178979007
131,124.78926195078819
130,121.09770624895138
129,117.58591201981142
128,108.92555787547496
127,122.81733692660136
126,115.58084011671019
125,117.3059026064128
124,112.09688405637466
123,116.86663836467929
122,126.41784478779002
121,119.71742860715372
120,128.43963243950893
119,137.67162740055977
118,118.6136651523831
117,133.0019005427505
116,116.04915362888498
115,131.3764762329042
114,145.78809247033772
113,136.36744007555734
112,134.7788545844922
111,140.1432061573864
110,139.9032864635884
109,146.85254920929006
108,137.30374769327568
107,146.2466872539284
106,133.78167604817062
105,142.5415909315469
104,135.2186448304217
103,141.2328859461699
102,130.9097526469555
101,142.55965531599523
100,137.23646120570348
99,136.7983603263602
98,149.52558081331568
97,141.47759662618353
96,135.43307053514826
95,135.3940904047914
94,125.64777915876957
93,128.35749098997417
92,134.17784885788245
91,125.10205361793417
90,130.90994248899096
89,130.61278846009293
88,113.1358293354598
87,122.78689867279373
86,104.09208213447347
85,112.09796181485513
84,106.2597795759195
83,105.36474986147988
82,100.66835665887328
81,95.69350005883994
80,112.36181185079481
79,118.89809468222057
78,126.92485821544771
77,113.0687923216304
76,78.75989973904697
75,105.84421226991881
74,87.5256595488476
73,95.77104704528386
72,92.13691715459876
71,82.72426292449234
70,92.66201381309638
69,104.18604596638585
68,93.38334985509157
67,113.47843236163204
66,74.90654583083156
65,103.1843592235139
64,103.32823032282286
63,92.99703599807148
62,79.98240321822104
61,79.15316096875844
60,93.26350716510592
59,95.47485148109779
58,96.97931647243789
57,76.55239140783823
56,85.76108747226579
55,89.33744811970124
54,72.11143561675082
53,88.7642146641886
52,93.00381141584408
51,77.042518261198
50,74.4120534781118
49,53.32477469282366
48,68.60771865970084
47,80.29070249121895
46,65.93186443142346
45,85.80496153873116
44,66.11475363885242
43,62.78348385807889
42,61.803545014876136
41,64.02932658567266
40,79.86829067983871
39,71.63042572404451
38,49.01387636684888
37,59.92581500117899
36,41.69406919234606
35,56.931146487801655
34,39.694787290390465
33,48.03378734081473
32,50.09056408561885
31,46.11919095011713
30,44.82274168345873
29,16.581235302190763
28,40.159643489122914
27,18.463956801930095
26,19.39292028142134
25,42.769822580376214
24,24.377824481521316
23,32.26920561832189
22,23.136284761544374
21,9.103201790477243
20,14.9819133252156
19,22.045051281907973
18,0.0
17,8.820322976182126
16,18.113146287143564
15,7.873178590513675
14,12.472400010140731
13,0.0
12,6.281433932392616
11,6.719641412011427
10,0.0
9,0.0
8,0.0
7,0.0
6,0.0
5,0.0
4,0.0
3,0.0
2,0.0
1,0.0
256,219.76922194989587
255,284.41233573567985
254,232.4210048902205
253,229.7879658752248
252,208.72060396139992
251,232.45166829105014
250,214.76748298396836
249,197.485399516195
248,222.64558759299604
247,199.77796068227974
246,185.32636241057065
245,186.93384882800422
244,194.08033796690992
243,181.23178740133852
242,171.48255761018208
241,188.3715839834304
240,178.83073814010345
239,158.51059396816413
238,173.8855135366219
237,176.91078204284906
236,152.02091088934762
235,181.97023359778333
234,181.3428506400264
233,162.51684408898507
232,178.33887140634147
231,174.77112955156582
230,169.63823304382626
229,186.11728273697344
228,171.06413252812754
227,174.1395850055245
226,181.41068029846952
225,173.0609479592412
224,171.43801822184815
223,180.32509916063952
222,178.77366231859975
221,168.4246200403512
220,177.86962665497703
219,170.45191249269922
218,168.4447980635996
217,179.57138178616975
216,164.90882099367553
215,175.35486537107465
214,182.74380987660697
213,168.96366446342626
212,188.26422624185298
211,166.58140574041064
210,161.45449300955
209,172.28052200911978
208,160.33518446710258
207,155.0299942998663
206,163.6241359780185
205,166.8268154802658
204,166.34115357230337
203,152.7206892967472
202,169.85053192750786
201,166.86465630807766
200,180.17642348124252
199,174.39955948092404
198,167.69044556214692
197,164.05349631746134
196,160.22120170128534
195,169.94074370013095
194,177.2246731723983
193,179.6853740578929
192,157.38700857905658
191,161.17894261992794
190,145.34677555152734
189,178.10496893269993
188,159.50333584581415
187,169.16835597884443
186,151.42226343919603
185,149.86487130499506
184,151.06678053248228
183,138.81594481324663
182,167.3723253832641
181,163.538771031468
180,158.45676989299204
179,163.79807363315638
178,147.21513828862288
177,162.94849531276904
176,149.7169950843169
175,167.27131290055644
174,147.59775038656073
173,160.04195039213673
172,172.17408757045783
171,163.41276534893294
170,172.10285822225535
169,169.7193167002776
168,173.64896184336334
167,173.08728243218997
166,157.1285434597999
165,160.12184185977827
164,177.43205115380061
163,160.76342369664022
162,195.2906015511503
161,191.32880110744406
160,180.6796922398674
159,177.51642040390516
158,178.75729611423318
157,182.72665316066596
156,175.21927092376757
155,184.5714534529215
154,168.77510065383112
153,181.95339610969222
152,159.8506761715018
151,150.60100682597812
150,158.0067248257418
149,172.1253284207695
148,148.76217890951287
147,158.65453366767542
146,165.9940379073294
145,138.78963539109978
144,156.13241630317953
143,156.20159701557535
142,142.41308927979534
141,149.21307555790924
140,147.6537457446389
139,126.48690724832453
138,127.67222548517854
137,137.5706172728259
136,140.02427798259927
135,136.9435367686653
134,132.38353228951962
133,147.14134507181302
132,144.31734747225346
131,144.03003398872647
130,152.601366692825
129,150.7731495839992
128,140.99676214313195
127,139.56525093118054
126,147.29711333638892
125,136.27622756561107
124,140.7255113405874
123,140.27450042717587
122,146.93505067807524
121,146.5096686108549
120,147.29672765293301
119,148.84568192608026
118,152.19860443807318
117,148.47320199188226
116,142.61983425391801
115,138.99352882612553
114,145.81070351783342
113,143.28976395542904
112,123.30886778551351
111,134.417098849646
110,130.07205426090587
109,152.18735048322793
108,122.92811075319399
107,130.41374103996242
106,124.33970138803659
105,108.35943218862165
104,134.96612104172638
103,125.97627714846803
102,108.41241948631192
101,129.66529862825033
100,124.38541242116078
99,121.73874419330741
98,138.35044123826555
97,125.12081027390683
96,126.13457890262053
95,124.90591304716077
94,125.22069195977052
93,126.85338185871618
92,129.04163464158515
91,127.33101988401211
90,119.94289292420369
89,149.4841148575518
88,108.75639337296634
87,148.75361141336236
86,152.09760514093864
85,115.35310291448833
84,124.22199876138744
83,118.21723065161929
82,133.14331571796296
81,121.73548252139999
80,139.46134850908336
79,123.72664820181416
78,118.31336272910036
77,108.82673515794839
76,120.92471838586879
75,114.24494656317906
74,108.18962181872973
73,112.48815052842525
72,112.78745604019699
71,116.27816533997259
70,100.04121119163156
69,111.81012360002131
68,85.88429872527792
67,108.44209464772682
66,103.89506050096612
65,97.80989335087519
64,89.94207343037144
63,99.76447813683728
62,86.83623645799196
61,112.34665580297568
60,98.37290960072488
59,92.16236558635936
58,99.57703496334018
57,84.41711063417073
56,86.86995494934538
55,98.20235559339041
54,75.79892732595681
53,98.16478556181414
52,95.64747651032224
51,95.64553070027384
50,86.8258559110031
49,91.49436978273945
48,77.98601633624735
47,61.76826405163601
46,80.75977805981977
45,78.39029167380355
44,66.05113821246522
43,83.57870734003656
42,73.02406268298013
41,62.18543042009673
40,52.79631293277919
39,36.54852925163854
38,51.860388501751856
37,52.77385434256212
36,58.69623344900102
35,68.15574814235121
34,71.93770709799962
33,72.45794173858764
32,46.65394812951023
31,71.70591377326318
30,46.182605976845494
29,50.733321515196835
28,50.60919034696886
27,38.53131218707507
26,43.61737854830001
25,55.79885709278219
24,43.29124857530189
23,42.25873280697492
22,37.09835780321292
21,39.4911886827643
20,51.215469562211716
19,31.813015660782867
18,26.635623929984163
17,26.418767489195105
16,40.81174182153961
15,27.880280491274675
14,18.73661576252499
13,25.9294378818239
12,17.14711007706815
11,14.605983000039032
10,18.71230451478101
9,1.1085815099235248
8,1.4109732292608896
7,0.5853326607947906
6,0.0
5,0.0
4,0.0
3,0.0
2,0.0
1,0.0
158,252.2139489986407
157,232.2871556687216
156,226.55309693180857
155,209.6906530538879
154,185.6105104731683
153,207.17533249285623
152,177.09596017069558
151,201.44727358735196
150,205.8329501115615
149,192.2239373510783
148,186.50367973781047
147,177.0027995414746
146,182.79955915026744
145,188.7968140422775
144,162.70305280249713
143,178.5659957474609
142,184.47615320999304
141,158.4031266023689
140,180.8399699011286
139,157.9340961559237
138,182.83813174506162
137,168.53188012146845
136,162.56815089821325
135,149.10269031525382
134,166.50953064580136
133,166.02195956125576
132,188.74480572667798
131,172.33602339133066
130,180.58721399840255
129,175.336041773334
128,156.65581138416184
127,161.35376377004204
126,177.3921530928123
125,170.77961739305118
124,159.83148504401223
123,171.2493009679335
122,153.4570716085868
121,168.79476217309292
120,167.52326588791027
119,161.71537333538112
118,151.78167882110222
117,153.55136763948138
116,168.4513431304159
115,141.07314880726548
114,142.28737443711282
113,115.48869351189313
112,151.14986472704084
111,144.7327947418015
110,127.83734679652244
109,136.43054567681372
108,134.3965917953272
107,148.11612416271726
106,128.00992599832713
105,150.14403332828
104,138.3505226892522
103,140.3569208675313
102,131.3699128167562
101,135.18129000897818
100,135.59494949391768
99,138.95924379976395
98,154.63723920440196
97,130.9510527808301
96,164.40068054385574
95,147.72009525180636
94,131.98757311799653
93,145.83119447858533
92,152.79697939552884
91,147.4229389697155
90,147.51035940613315
89,143.31104470242013
88,143.7392546691391
87,131.36452427779665
86,156.7454028660562
85,152.84565664924935
84,146.58023876787024
83,147.58414412989816
82,130.3544796194685
81,161.72096456972815
80,142.59261703119233
79,142.40413081699532
78,140.36970851549722
77,129.80129088684598
76,133.84240109074295
75,142.8421988388249
74,145.98096750477745
73,120.84033356311868
72,129.53596905412473
71,123.83623369239534
70,133.21863167641732
69,121.41570373623074
68,110.28627870059185
67,132.00051196010244
66,130.36169753887305
65,139.18595323124924
64,128.65547725726196
63,133.853403042096
62,98.53900074750906
61,99.92706861062189
60,107.30762840438207
59,95.38117884999801
58,94.08909725057282
57,110.25910256062176
56,113.96198407311479
55,107.76345461187144
54,100.26608275698486
53,86.51377317690653
52,111.76712647393916
51,94.1730179061335
50,104.49444665568822
49,104.3340101987274
48,105.22024278289372
47,103.85853921862132
46,97.2094616446698
45,81.71681762148052
44,86.05971996818512
43,71.03323790987645
42,79.25717754330786
41,48.07269604355247
40,70.4858289494908
39,64.88305964125891
38,63.44671137957594
37,58.50414577123556
36,42.58140914710761
35,64.22219286357749
34,65.74723136686737
33,58.41986658591888
32,65.11450431047506
31,52.3879367665561
30,38.32576414643428
29,49.88378040548422
28,34.121345869579926
27,42.140455706384074
26,35.2601667341863
25,31.24107768319061
24,30.44518755979142
23,28.998051832634076
22,26.72115119477914
21,25.91425137453966
20,0.0
19,1.6288216474272872
18,11.730740211882207
17,0.0
16,28.385552887626417
15,21.429190961103586
14,0.0
13,0.0
12,0.0
11,0.0
10,0.0
9,0.0
8,0.0
7,0.0
6,0.0
5,0.0
4,0.0
3,0.0
2,0.0
1,0.0
188,184.27569960186952
187,188.8675078060669
186,165.60021836671015
185,154.89730703100474
184,132.6898767236956
183,152.95631872165123
182,145.49915144363976
181,128.9504366242914
180,119.24386264461013
179,133.89434388395205
178,121.63009938452235
177,126.18145038960836
176,116.97372422155532
175,136.81341257975998
174,112.64975582798135
173,115.03061888142493
172,124.38826392398454
171,123.29774433519137
170,119.1006707763501
169,109.32998666492253
168,125.28347870823546
167,100.98502761030721
166,108.61903346996007
165,109.12211235285564
164,117.95597472337232
163,107.17117486132123
162,114.35182649345603
161,108.41180473276873
160,119.90458003712725
159,122.04404602497053
158,108.41210373400982
157,110.61920640559265
156,115.40417979251654
155,93.12976917553495
154,108.91281737976395
153,82.84258460348704
152,122.882532498447
151,102.28330066013606
150,92.64102952346882
149,90.67263127406869
148,106.01649993413
147,106.22586617644889
146,100.11285403741475
145,97.4068869296521
144,103.74034972328415
143,88.64142208026865
142,95.81248785860794
141,90.21053714530665
140,124.56690224755434
139,105.643891999086
138,108.17072811277225
137,91.7549695346467
136,105.53087418702573
135,102.91736041846178
134,112.69094786576726
133,123.62609754741698
132,120.0390363721207
131,116.72653218062918
130,103.38430473219171
129,111.9019651528094
128,107.91824307291539
127,112.07378138157414
126,110.68893418489647
125,114.97590762118821
124,108.5862528046372
123,113.20748168601556
122,133.6295267053053
121,105.84169603389695
120,95.54613765466223
119,109.76235469478623
118,93.56412138220094
117,93.52018572393393
116,90.96485556950162
115,83.55063486039697
114,88.53765842347072
113,75.60771921001398
112,85.86678519092332
111,94.03044361077609
110,103.09682263625584
109,96.97769503525475
108,78.10099355089541
107,82.09685615645968
106,79.09046826540958
105,75.03432390676467
104,86.36623118554527
103,79.52838589663403
102,61.667648440624575
101,83.45618269035698
100,81.55453258995239
99,78.33466201319948
98,68.71879864178015
97,79.0427054815316
96,83.88033284562837
95,109.57159944307548
94,70.79390649184785
93,101.72553046186174
92,91.90255799860338
91,83.27121413596275
90,89.85504530468009
89,78.28768484029804
88,82.92196887433693
87,75.03852227546385
86,85.07444906101398
85,100.91344756129142
84,82.70298325588723
83,72.14502329338637
82,79.18585020577694
81,62.73152708915562
80,78.73446539521939
79,71.30883515894539
78,75.22597940042988
77,80.29392604079162
76,87.20508398771649
75,68.01368539265394
74,87.8735018586543
73,62.896185407323166
72,68.4385980180726
71,72.21122303417502
70,78.8921872361793
69,79.41215044648497
68,93.62362667819546
67,71.7034902638004
66,79.85314903213276
65,68.72849013079605
64,81.40772261037313
63,55.001878957068996
62,88.97244230290516
61,64.85003944566677
60,64.55747824779621
59,64.85505301219021
58,54.262836635171034
57,62.397768068004225
56,57.03947021152946
55,74.20944603991845
54,60.09365550613229
53,63.804271056309354
52,74.13698600660653
51,57.89101795855077
50,78.69172507025847
49,53.95057126532655
48,47.1628151311918
47,57.629341038366526
46,54.39245841402809
45,43.384634029181285
44,53.05563959264492
43,56.6022547681002
42,70.07743499317354
41,46.425468597391074
40,66.3593711525666
39,52.04512657022376
38,58.84586222880829
37,47.530811531510295
36,52.190573921578945
35,31.29086475015471
34,39.15656502633368
33,33.225030281132476
32,50.27630020131142
31,28.60933096127718
30,31.98215272623355
29,32.055405690051586
28,30.234259523783365
27,20.159269811253253
26,53.45935756043995
25,28.732545837044555
24,30.584421993375315
23,11.427522860905142
22,23.133065156658333
21,21.208535211952622
20,13.613755426862568
19,31.144059328455114
18,21.048694273997526
17,16.02813547425187
16,8.371696497468037
15,7.353389129108308
14,11.432979959526818
13,3.515807926968435
12,6.57070955591179
11,0.0
10,11.64671942288065
9,0.0
8,0.0
7,0.0
6,0.0
5,0.0
4,0.0
3,0.0
2,0.0
1,0.0
168,229.91122243324804
167,195.6453634485581
166,186.13252355265163
165,169.71933672525572
164,158.30386374511238
163,148.04527463189558
162,157.85037054622643
161,158.97555667018295
160,156.62722991765216
159,147.5841878646353
158,166.4321122159898
157,148.90968369201838
156,148.93485222625395
155,139.3153112088727
154,134.24316636140614
153,152.93705523311664
152,128.2338905432699
151,134.54829715060583
150,116.76757928297285
149,127.36185748144757
148,127.59845343016647
147,123.48379740695847
146,133.00413501857625
145,145.21391069816917
144,118.4356959039452
143,133.129271968265
142,148.26809324332046
141,131.20062018425102
140,131.41717237852768
139,123.59982601241651
138,121.18236278700712
137,125.72434254380516
136,113.7899156369337
135,133.98428574459277
134,112.67272527702
133,117.36062611883317
132,121.93664885567642
131,122.20895330303203
130,108.52275751015557
129,124.10424472837983
128,118.0759485601669
127,124.19157705289638
126,107.71738563411846
125,106.19127111815365
124,118.11064704971096
123,115.8916951689038
122,106.9540052677109
121,111.97399446472627
120,118.60677236664029
119,107.79087647466191
118,98.68821284852481
117,101.52291890923772
116,105.70233815189927
115,101.60024744373999
114,77.81035313844193
113,97.83032123861793
112,105.41554445389781
111,113.64075386188321
110,108.0797584634778
109,98.71879190918969
108,109.18581234133626
107,114.37302311774452
106,106.04888397913624
105,98.42835169309187
104,107.68038912915245
103,102.59656244181038
102,98.06274672732117
101,106.43496309716444
100,107.39735237147282
99,98.57765455896846
98,101.5110481840478
97,85.63416182878248
96,94.7264789024112
95,109.20870807213815
94,112.80097806452609
93,102.59444437408239
92,99.34788843677478
91,118.41563534879276
90,121.03513358552935
89,120.30847107949933
88,114.0141008710813
87,108.45613032536659
86,119.02037063722442
85,123.70957976625834
84,111.97814005254027
83,112.12490254787268
82,115.14278162226731
81,106.49729903780094
80,115.35678131708548
79,103.91920833370241
78,108.76890232641179
77,105.36314115939976
76,130.55958829161304
75,126.85405162003299
74,106.290223379602
73,110.92615979802729
72,131.6270959566806
71,114.18136717277582
70,109.50357592520811
69,94.20915879476345
68,103.2397103272172
67,94.06251837868737
66,104.47714201348218
65,96.35828895604408
64,111.49289489306166
63,110.14246817028697
62,81.52023831901882
61,102.03781719123785
60,107.39756500370704
59,102.5318826524896
58,88.21602176099975
57,100.70641428300841
56,94.21108088587201
55,91.77913180495908
54,93.2011279056078
53,79.67525483669952
52,77.72109747551028
51,87.2644015186624
50,88.87616060405423
49,80.69925388168407
48,86.59830066840075
47,83.52814230145005
46,75.60100741161956
45,77.61943304862064
44,94.94326724862951
43,73.44328058562255
42,84.27442820767654
41,80.64909051716916
40,65.32506806650363
39,67.12078559170939
38,61.10979563304876
37,73.60619393521046
36,76.00539441163723
35,91.4367502545328
34,75.80504183093294
33,70.01817990075668
32,75.3886056114805
31,63.834417533138456
30,52.99074903171236
29,74.130045354308
28,72.22789901718679
27,59.467151499151726
26,51.53499351396534
25,58.507432726904376
24,56.467071783782835
23,47.195016330259016
22,57.27505923305408
21,37.57096644741662
20,39.917484468047036
19,42.52577720061727
18,39.44248445412228
17,36.45292507421493
16,39.721787937549124
15,20.858672769129498
14,44.31710172985363
13,45.92963507229554
12,25.744777730413333
11,19.09594314861691
10,12.893376214114113
9,23.200094760624296
8,12.446837203013231
7,10.071376881329982
6,17.250917341176205
5,0.17696099103486063
4,21.44506478900702
3,8.813834752829692
2,0.0
1,0.0
240,240.61273372165132
239,219.9264573038414
238,185.3444586048294
237,172.46791989994426
236,156.9736215111566
235,156.1741366414148
234,146.9089233835906
233,169.32281558619331
232,159.34079530988674
231,129.90221034862518
230,148.6270338642364
229,130.3521324024682
228,145.98659139738788
227,147.25812810435173
226,148.9815183388771
225,143.56533994017994
224,120.71816757741828
223,130.04983002571691
222,132.28778023705482
221,134.72467462785065
220,134.86101842674154
219,134.66875317238032
218,140.45946788677722
217,139.20341039108882
216,122.70554147084833
215,133.3428532867187
214,129.98976226920766
213,118.95121265071782
212,115.27254567637725
211,128.54788698372482
210,128.87750726313635
209,119.51956648317375
208,125.45216028595745
207,126.01743166279176
206,136.33632842421332
205,133.17121518427916
204,140.20538971799238
203,139.75739472637827
202,131.10939481923782
201,145.9025568939988
200,135.6291019251111
199,128.89685695193623
198,127.31260265562318
197,113.16220345451659
196,129.64906371699507
195,129.97022316879787
194,123.79108119497923
193,139.13751891355864
192,134.2081164076173
191,153.6445407094738
190,141.69539768586165
189,132.28420860549357
188,120.67715182468646
187,147.24430607158396
186,119.2582338381529
185,104.52096644618914
184,128.9127030003152
183,129.16429395211168
182,124.25111535268476
181,118.21362745513373
180,139.38734584217656
179,105.67710487322518
178,113.94837185231567
177,109.70850703637957
176,122.9150104668223
175,137.50013384781727
174,117.30110271093568
173,126.60599332388516
172,127.00337572368524
171,131.72231553388596
170,140.75611742826425
169,115.65281804399433
168,119.52392284437204
167,135.71971028643594
166,142.57271986822883
165,118.64874395478829
164,130.896239977951
163,113.06952822720072
162,129.1333422413987
161,123.35623008961525
160,138.30634880511533
159,136.3041600709428
158,134.09682957466333
157,132.26398435222447
156,131.87496681611913
155,129.49551716124623
154,112.65941416902731
153,109.5417528553552
152,106.72938739129408
151,120.76606255954192
150,109.27604003433053
149,117.78760438193727
148,109.46392154870993
147,137.13485203888956
146,115.58616134941182
145,110.92216258449335
144,114.3999855733844
143,94.91634195717931
142,97.82916524721148
141,117.1777130621455
140,110.11593966261145
139,115.49414932814815
138,94.5467104483205
137,92.91464487719736
136,127.04752984303313
135,100.98941711248096
134,94.45310592977626
133,105.80717345680995
132,107.97345436764373
131,113.79470255142876
130,113.31151104678548
129,126.60928225290922
128,124.62714833837857
127,105.29001682823323
126,98.18203814983706
125,132.48617058648605
124,114.38616437716664
123,116.82503757816474
122,99.70887690575778
121,113.13223487212301
120,110.82146266434117
119,104.38382435357023
118,120.26782727615137
117,98.00193638804237
116,112.90908792706318
115,113.1166002302642
114,97.57713765050666
113,103.81873920288876
112,102.02726539709747
111,98.55970896809445
110,87.89620993496409
109,102.67907563765667
108,104.7233274517449
107,107.58415793742941
106,113.11329587727653
105,89.34171018153367
104,89.11010321037674
103,119.9753307743888
102,92.24871424103593
101,89.55020732342244
100,98.11918827241881
99,76.07375840251751
98,84.91386482620263
97,88.68013771554001
96,93.21044026728387
95,96.06484583825099
94,112.60266787120995
93,91.90568514621006
92,73.07762885390325
91,71.53665385944323
90,81.35836986928422
89,83.22137498577983
88,98.10039145766811
87,87.39033270885724
86,86.30863760275236
85,109.99142275427309
84,83.8642242149426
83,82.13358472789085
82,92.59003318401678
81,93.02969114371729
80,82.4055580887679
79,89.90340361133426
78,90.80923159445994
77,84.86624848246751
76,87.16573856474002
75,100.07624726953823
74,79.74410023634042
73,74.47005752264428
72,88.71953186805675
71,87.50295044211803
70,95.52351598854779
69,83.67092444584732
68,99.51398151144932
67,100.3506733301288
66,71.66570302463823
65,78.49561370359714
64,70.52105448858781
63,85.6402076584273
62,80.08185655676468
61,79.62786530752685
60,74.1367061989127
59,65.8311975828351
58,83.63978821267212
57,71.6190758979198
56,56.04261270847523
55,67.58763472251468
54,63.265313579463445
53,66.09180009135366
52,62.5925887953756
51,68.6350829668597
50,59.933172451868664
49,53.518260547306966
48,65.13866897744855
47,51.0679975470666
46,48.88993358257339
45,62.07112614182279
44,41.810818498190855
43,53.54346252943281
42,44.00949167129873
41,59.74305957499634
40,55.01541944598991
39,61.849375942462835
38,37.200863877197776
37,50.14126804736205
36,62.174124235909474
35,54.651249336939145
34,29.72828969449887
33,54.81843129771417
32,35.818272753201484
31,45.880880817303165
30,29.357090328118744
29,44.44185716414265
28,25.438965358403394
27,19.479487348706186
26,20.47816660282129
25,14.484396687770044
24,15.812389280567956
23,26.767609981704453
22,31.852773385558493
21,51.18584796852156
20,30.427373728284365
19,39.33150303640575
18,6.05858897145751
17,13.605281962166941
16,20.86261685569538
15,19.451333052239278
14,14.655753485112825
13,9.262902275074964
12,10.156807043100983
11,26.08106104105876
10,11.426314514129317
9,8.731532609497037
8,2.928664186435711
7,19.142133831597263
6,0.0
5,0.02307256512651179
4,0.0
3,6.496378496583503
2,0.0
1,0.0
240,276.796191860946
239,334.9540841894071
238,263.9080188430715
237,285.0594649429986
236,261.37988442716403
235,250.95225552717054
234,232.0880659917364
233,235.03193943504323
232,254.07681371962641
231,227.9792629412811
230,200.78333945753997
229,214.55929875378308
228,230.5056288925566
227,225.58099115412762
226,193.11666255198082
225,191.60717355821527
224,196.4624848483288
223,196.61266598599047
222,200.091952827132
221,195.2598603507579
220,198.42832392690778
219,185.25306594701323
218,168.73057777896216
217,177.98311941519273
216,170.74496440848628
215,171.81301847268975
214,154.5874951671586
213,180.38785468011906
212,180.17025753814175
211,174.47854955484854
210,165.8001054996262
209,161.471424926962
208,178.4262937784569
207,164.1118409331496
206,181.31717791749998
205,159.77658188461496
204,173.42559272573513
203,173.34429181332598
202,174.468164282729
201,161.43935204127087
200,173.65437819494747
199,155.3559638973528
198,181.48306932423475
197,170.74016664052712
196,181.32959783252753
195,178.764751615308
194,154.53779644534927
193,158.13170023445923
192,172.48697941391734
191,162.44632570910994
190,169.21840865531294
189,177.40624323978494
188,176.47011586671746
187,171.6869165286838
186,164.61049577285996
185,161.49692233753822
184,184.07704048864034
183,167.78363293507778
182,164.27490368867672
181,161.11161410887945
180,165.08615104344102
179,172.23189663951695
178,168.962628155139
177,162.70384612505686
176,145.69620305206203
175,161.06294569702192
174,169.2958089412903
173,160.70127355960093
172,159.61864863776628
171,161.65137654767977
170,169.8095470977807
169,153.44821263433371
168,176.54146579736909
167,161.81001913925064
166,178.6790276843737
165,151.2015693548112
164,163.83637512474328
163,159.39855719838454
162,147.72563884854773
161,155.53981775021316
160,161.35226427562415
159,153.80788309656634
158,145.76219353882715
157,137.75429487100422
156,154.3685781321075
155,142.69438633530316
154,165.00606180356658
153,143.53307521391147
152,145.9729416314143
151,157.16264591045575
150,151.33693652209234
149,158.4440255520003
148,140.4533557480184
147,153.54672874032013
146,160.2516573854806
145,152.2300792284366
144,152.73497088165743
143,145.84928277990713
142,156.08699317034353
141,153.0816034003103
140,173.1459119313318
139,162.59691781069128
138,151.77407654763772
137,162.07417242955853
136,160.6473990284607
135,177.70429016694624
134,184.4025178244919
133,162.41788221257102
132,176.1653943836901
131,169.75774916015342
130,161.48838626050718
129,163.5554537667667
128,164.0487522128613
127,143.83931339946622
126,156.23426443613505
125,153.49194124456693
124,139.76611729885462
123,127.37665725225177
122,132.26736697852135
121,137.6511802837149
120,121.8808511179779
119,125.64921098667276
118,122.39757013858991
117,126.14257386526745
116,122.20164027550338
115,130.22804046433706
114,123.90194105309635
113,111.62015543898696
112,115.05982152018476
111,123.21717830214203
110,132.99193929237495
109,128.97833480069696
108,122.80408506271012
107,109.34678877905851
106,108.99540633680463
105,131.91724055169826
104,119.6112265783336
103,133.11139986361192
102,123.66605406794483
101,132.09199582396363
100,120.29507283924376
99,142.2616600604233
98,128.75719722589307
97,127.33726499587293
96,108.83946119775685
95,130.94708032775193
94,110.01432364076494
93,106.28883013594368
92,99.06111063660315
91,135.15193629387065
90,124.24113234508435
89,115.26728329056418
88,102.79815470044176
87,121.02364685162888
86,119.35118578324958
85,119.07561477151619
84,118.27277933155558
83,101.972925703069
82,117.36835207492518
81,93.07098424634638
80,108.60570969994318
79,100.26633255035544
78,116.01831020261687
77,111.91120579306273
76,88.43860760508889
75,101.18380412798918
74,97.70403026174797
73,93.24704432745537
72,110.52479820426032
71,113.30642278031539
70,98.35012157711714
69,113.43869149579774
68,109.22844208860622
67,101.51712814971964
66,100.50664996640452
65,108.72746485974506
64,96.56558889580167
63,108.46937971903017
62,88.78373167319738
61,93.82805261278871
60,88.07068752128062
59,118.92872005976122
58,112.90025726590879
57,93.73127216330006
56,95.66099084088835
55,99.70240981180147
54,105.94390440870202
53,88.92334840951108
52,86.11507204918486
51,92.46097078870454
50,91.71919820180504
49,87.9972304816122
48,86.20317187463215
47,78.56503601391645
46,54.110162896475714
45,60.99270784655593
44,79.90232798730939
43,70.02308810941174
42,70.67617929141639
41,69.00590679873643
40,83.41443846913435
39,62.12663849258071
38,70.04124922101072
37,52.284342823828084
36,58.48438981746101
35,51.26941895035395
34,61.98858533704958
33,59.7294928698496
32,56.54029222356484
31,29.99113981397133
30,46.55583350978395
29,36.54669229179474
28,18.476672305137285
27,16.796229218422056
26,34.762068535125564
25,24.763459397112214
24,38.46090557990193
23,25.368566925310446
22,11.588880038126362
21,17.300773931283274
20,24.448263741558563
19,26.55339421502873
18,21.623501696683846
17,23.47511861345562
16,4.669846077150083
15,0.0
14,0.0
13,0.0
12,0.0
11,0.0
10,0.0
9,0.0
8,0.0
7,0.0
6,0.0
5,0.0
4,0.0
3,0.0
2,0.0
1,0.0
192,248.8006575281142
191,219.80371335192288
190,222.30673722644457
189,219.65493153013082
188,192.6642449817008
187,207.07520920163074
186,196.9548210622967
185,190.9364265720941
184,189.89550286143
183,184.78632419175855
182,184.3105141509482
181,191.25166284008745
180,146.4054391436721
179,164.19607623043538
178,161.91977903577344
177,165.4430837646553
176,152.54243971290802
175,162.00712786497792
174,158.72038500381677
173,165.80128703468324
172,167.8373980755389
171,154.3204139746499
170,163.1401614577119
169,153.67033815876817
168,161.90267553119787
167,155.38904967635955
166,153.9844330811936
165,160.83106182504477
164,167.84508025646522
163,174.59764935294464
162,161.36943293821622
161,173.40724071632968
160,163.21284613515198
159,147.8740442378819
158,166.34085931553673
157,169.69178099472862
156,180.49330810343488
155,180.65229959143028
154,172.0132618674241
153,172.5680965631732
152,169.7900787472094
151,163.67666814343352
150,160.41445417864207
149,175.25306979735294
148,152.6074648765949
147,162.32930479944184
146,179.29733486970102
145,161.8774054222134
144,174.97900688788155
143,156.2815776008043
142,162.92277023401815
141,161.69611612732666
140,160.5895161162328
139,154.21004630056035
138,169.97973504215244
137,166.48831388262906
136,153.40365768222654
135,168.90409141482968
134,151.3411251724716
133,163.91405805428758
132,158.40347019225928
131,167.27770214235767
130,130.5034687626801
129,153.30820433721448
128,138.32456163843472
127,164.8325956852259
126,158.2061141690664
125,150.01753928321608
124,161.17492400869315
123,155.9938900046311
122,163.08041850537427
121,158.0268256173198
120,168.7361190560281
119,143.61226913386162
118,147.78264279002232
117,158.79467361434212
116,140.49207955813193
115,152.6633756542411
114,144.65816132013532
113,142.86804864768442
112,140.10833607030509
111,157.305645555873
110,145.81660117364336
109,141.0324709685696
108,157.24551723890193
107,149.6563776058797
106,133.36625669638016
105,148.54122781222415
104,140.1609735583107
103,134.4375114957821
102,143.62303611985598
101,136.9745586923805
100,116.26882300454021
99,122.1749910826324
98,123.48980615826753
97,136.0957279686522
96,122.4360455465176
95,131.93696181418005
94,115.97505360077696
93,130.94494997573207
92,129.32210698324337
91,117.97550681670657
90,131.9396485939291
89,146.11197652462607
88,136.08238572837254
87,130.84749738530348
86,123.51470070829023
85,113.71366390570607
84,120.15771117099926
83,118.14105697932322
82,102.40246983295742
81,121.8733070313644
80,102.2607541293072
79,121.8760163962217
78,112.18220342097636
77,139.54262065915327
76,109.96860078065397
75,115.84354162586185
74,110.1281348702378
73,112.02916873792202
72,117.30163868440826
71,89.9998968498829
70,106.78581475554273
69,97.84698832035733
68,95.39653101943627
67,104.57431809948869
66,103.46808398342465
65,93.901153302193
64,94.76141075876839
63,103.79869968156378
62,99.93065234690533
61,92.97817144685658
60,106.2559108342311
59,106.46153370922019
58,119.07800042086751
57,119.99729875921794
56,98.08604102933421
55,117.39446052223543
54,92.57006188600155
53,99.00928572292449
52,99.85384908472284
51,90.34755724754689
50,103.89224318076386
49,93.97123733150495
48,76.059430059313
47,99.76610089421416
46,89.62212802438059
45,94.36607660678999
44,72.50110618362397
43,77.82152420438216
42,76.01101653585336
41,58.21165095840472
40,73.31687594613645
39,69.4841217095686
38,85.67741665858892
37,78.78278155915675
36,86.7865891913711
35,84.87925743266997
34,72.33648478432988
33,42.65292191898594
32,68.72073457256072
31,48.08446796627245
30,36.41864155000111
29,49.68909193767975
28,75.09075326253603
27,55.06732745561953
26,89.35709779893725
25,92.23793035199404
24,80.5867806536412
23,71.0692866137128
22,68.32076347299906
21,69.85629506818205
20,60.50121754796984
19,66.90856103127996
18,54.003209517232776
17,70.84656546499208
16,43.4210604826511
15,50.104727344036014
14,52.560038301035505
13,53.67755379372062
12,35.35231741226393
11,23.796980302429986
10,39.51646498417304
9,0.0
8,11.589860411044242
7,23.001326808342156
6,1.6573368457025737
5,7.736926678909327
4,0.0
3,0.0
2,7.539648463372046
1,0.0
158,222.76327841719745
157,206.75667593568005
156,188.2395879373508
155,179.0240710399919
154,178.86984058660926
153,170.45322844380942
152,174.4450839785561
151,160.36527593321216
150,155.8890226615864
149,169.1516722236243
148,135.53853805601852
147,119.15694880506497
146,143.96384201399852
145,122.6229946283377
144,122.18635845437083
143,127.28243317016288
142,120.66381402091655
141,122.18241516775969
140,105.2535195288855
139,120.27580903727127
138,125.97504574804215
137,136.1367605108647
136,106.89574763988037
135,118.02405577675735
134,117.49400616649586
133,122.95731568656804
132,111.29779204771317
131,127.26005243294259
130,117.4405923714683
129,102.41486768566952
128,103.92188470009411
127,82.26571529020235
126,96.96474142251425
125,95.75354520252017
124,103.14282832708186
123,96.54840780507334
122,101.87522000501005
121,119.58958086108936
120,126.42322716681267
119,120.55595590197805
118,120.75148955104518
117,123.9885526406124
116,116.51119792170317
115,125.44014793912191
114,117.28205352786638
113,115.45060701420041
112,124.69156503478092
111,120.46092273849489
110,119.25704044760622
109,121.66588234999566
108,131.81383743685888
107,122.10119353864134
106,113.51306533909231
105,111.61568163375286
104,122.7517935770331
103,133.1181436844762
102,130.11334546784863
101,115.42587828844472
100,124.86086392124304
99,117.19771187294768
98,123.03476441765324
97,120.81444018602954
96,121.20411191778447
95,139.4617512864968
94,127.32793851539259
93,116.85971973062122
92,99.08846886248668
91,118.58189117149644
90,109.22648954982238
89,121.17438879221373
88,99.57409980089635
87,96.15621269668992
86,104.15055748023565
85,99.16137516871578
84,95.82642730093868
83,100.63072236098907
82,89.91746374627213
81,97.93106820334893
80,101.5948450022988
79,84.00259543415746
78,73.9752136820914
77,90.4968410857272
76,83.44830973258328
75,79.77371640826064
74,75.61511965980307
73,85.94741115480655
72,83.85415458041629
71,74.16420407854639
70,53.59390849068192
69,82.27555365085088
68,86.50740939103652
67,93.44275099858494
66,87.29801526481654
65,70.67932684837845
64,73.76133189102853
63,63.024959054942414
62,65.08299236428367
61,85.65190792954355
60,91.18539279936374
59,76.49332565742243
58,91.34522559481775
57,81.3768941626723
56,95.79883461295375
55,77.60839629920703
54,66.36808554015056
53,70.30878636297184
52,86.91027554012265
51,89.56181310732966
50,82.48104059857474
49,74.05737817395723
48,74.99001863456468
47,62.10415499801861
46,72.06582921054883
45,58.71307679872957
44,84.22460672968263
43,90.90665506366872
42,95.98058823326178
41,72.67727741132008
40,70.72324277339806
39,75.24678904400604
38,54.90252364630932
37,51.05200581511717
36,62.48850641685166
35,49.79909913671863
34,53.394403900270824
33,67.53023714792133
32,77.98843993892822
31,52.72731483135183
30,73.55414475900048
29,63.49088745937206
28,67.91051443822099
27,49.42693301759205
26,60.552832481593036
25,47.17567364029584
24,49.18320213992868
23,49.69221400575634
22,43.739157282475816
21,46.40077091240344
20,20.31964817348998
19,35.96006782047408
18,57.144609450854304
17,54.174476270797676
16,45.589611188142264
15,46.67876634951607
14,53.08062565668425
13,23.98431899324345
12,35.50471242873451
11,33.45615648629506
10,19.310165738625173
9,20.619400118646027
8,9.40128715771742
7,22.28220382710107
6,16.09405899567865
5,15.078312438938326
4,8.868998163279969
3,9.542629875103302
2,11.087930405678293
1,0.0
234,274.0751249884874
233,245.15774704455166
232,242.09759358688032
231,244.01464081171594
230,229.38303774629864
229,223.7183872474732
228,208.79547773116101
227,203.4426165255358
226,198.5280518011282
225,196.74140917223326
224,198.50528589314823
223,197.0139396108454
222,196.38469197000592
221,202.15756271159563
220,196.0340713532842
219,195.8168698497234
218,186.39967757155358
217,194.91666850756658
216,178.13486520367707
215,182.49050739453236
214,165.47290543770765
213,186.30789442031664
212,175.32660492222044
211,191.9193793864044
210,168.62843037440678
209,160.07563946549902
208,176.64775766868485
207,166.05319746490437
206,174.86893493107164
205,139.10101440146536
204,167.58904754327506
203,173.731180558616
202,161.77832912966784
201,177.5718690346073
200,159.77605170046616
199,170.54472664608014
198,175.39435866459775
197,181.60594182927045
196,175.54082797453827
195,180.22245134856968
194,186.2445469197857
193,187.01190728180802
192,192.01408381846983
191,183.03205108550742
190,182.84707951159197
189,186.03360383558362
188,193.94863328245222
187,188.0588109235727
186,188.63330006050157
185,193.43288331138876
184,175.3497720707122
183,210.66407396965292
182,172.8009710940085
181,183.28784910367506
180,174.6850245298357
179,186.67299117246486
178,193.23170395567212
177,170.90780067825253
176,167.17079975216072
175,181.13527272161917
174,193.97204552711594
173,172.33819282355887
172,172.08834562438346
171,193.76378195169266
170,182.01971280433798
169,169.36180702287035
168,180.06003048770424
167,166.403216112192
166,182.16639722209027
165,184.39939717727458
164,178.62506486552886
163,165.04091110511433
162,166.08129697553866
161,166.11509559857788
160,139.73243457705237
159,150.5875834557067
158,153.54676229139835
157,157.75604590014876
156,172.27771610902607
155,155.4810264602794
154,152.71018104621217
153,152.684171987952
152,148.2823281473
151,160.31835302714492
150,178.12343773072615
149,154.22224421089618
148,152.2695349969992
147,157.21741417477742
146,156.27335524850787
145,145.6955682922073
144,137.10923789175183
143,140.83272661062531
142,152.551773670128
141,130.93549665162772
140,147.4595080638342
139,137.12518529457654
138,142.21361386306845
137,160.01818520225365
136,157.96592905349053
135,158.94171177209617
134,164.3150222598369
133,149.0196915836769
132,158.42277717141494
131,173.27448219224917
130,172.5495777186174
129,173.38713688945813
128,166.4237590923479
127,170.09845432395994
126,169.63177848492285
125,167.71446921831574
124,137.48940572436487
123,164.80672980781358
122,173.99509229504702
121,181.05295671340116
120,161.41386366024363
119,160.34469221815766
118,161.01557860491408
117,162.47651087243506
116,151.70723668177902
115,164.34891099490073
114,158.4262343079439
113,148.05751326601958
112,151.90061264276085
111,150.0593615483349
110,136.2512225091417
109,132.6188178777685
108,114.09859391073043
107,134.81081901788514
106,147.15533186708456
105,142.12511431856834
104,130.70410008192462
103,135.73716651763522
102,135.1486969146644
101,114.9051682868366
100,133.40635394963684
99,120.48879577144555
98,122.59773228820588
97,116.8212371852411
96,115.1290217343752
95,113.10345407731103
94,127.54383268539156
93,133.47896071037104
92,128.1700950109034
91,135.18715120912196
90,113.62257248431489
89,135.39044841045197
88,117.8371002417058
87,121.49223065467035
86,131.45347390001922
85,135.44032026002284
84,137.4273150210846
83,139.51723089036378
82,131.50730799203455
81,136.06565832467885
80,118.38450250779671
79,125.78416984392979
78,123.25476062447524
77,115.5052372434221
76,112.82077071075815
75,126.00597322633898
74,114.80769034742329
73,125.75421869021154
72,126.68297766158533
71,135.8994073928273
70,128.41921799175725
69,124.7528752228298
68,98.82860377798629
67,128.282506086679
66,114.17591845603593
65,102.00240191345941
64,109.99393520316079
63,94.21510780111174
62,107.05866820932894
61,115.17877415511241
60,100.925067343644
59,96.2571628098183
58,104.29634892110816
57,110.12983373280821
56,87.64927812500724
55,113.59267140801325
54,93.84095169315685
53,97.26284299078195
52,114.48374919494562
51,90.0233451427661
50,85.400469173491
49,91.4289630146305
48,97.35396033388325
47,81.10213349387953
46,87.04801759614097
45,82.48674884525843
44,86.37225888155464
43,104.189599748253
42,92.2496354588213
41,88.28402431471841
40,83.30899822826828
39,77.82230452315767
38,73.53964021277811
37,79.25371165039753
36,72.2091702155737
35,63.40810164222649
34,45.59195910934797
33,64.03789480227704
32,47.02028938167561
31,61.225676409373165
30,46.688750311003616
29,37.0980269935218
28,50.77018178915989
27,40.490356016787686
26,50.28534603576687
25,31.284283524565424
24,24.454298401802404
23,36.86212448896788
22,53.57402707451189
21,34.042526163999014
20,46.31399333551663
19,50.09978326960297
18,43.11963807675855
17,33.48021286703285
16,29.43617154238352
15,36.61581287160706
14,25.836058845186002
13,45.51374745712233
12,18.198871503267924
11,5.815944615209915
10,24.63456687232687
9,14.713621565616094
8,9.420234466991872
7,21.353644597167744
6,0.0
5,8.044367290862567
4,0.0
3,0.0
2,8.167984696308679
1,0.0
166,263.8114218785996
165,195.84338061798945
164,207.84463742470336
163,203.62206244757576
162,186.16650525676368
161,188.1456062279974
160,177.88588597290556
159,170.79029202229344
158,152.8681109892386
157,170.54647463280338
156,162.58771758048618
155,168.53828488016927
154,152.380801681616
153,153.51468913759615
152,149.65871851647188
151,160.7254576958318
150,143.17384824734737
149,163.46940216165513
148,178.4832592397858
147,148.87871704421264
146,140.86468273699057
145,145.25305213364874
144,153.07314909286384
143,164.5849493592016
142,160.17388123992333
141,137.33943414139873
140,165.87512618126996
139,165.65207832950432
138,158.44054548442577
137,159.31869029497724
136,164.90023048262648
135,143.51939054520142
134,152.60711096214325
133,143.48259516010322
132,146.07259362454508
131,150.12202192306145
130,144.37781730478446
129,151.28225897668793
128,148.0111408889158
127,145.07010887331248
126,151.08577780841526
125,166.4394448636807
124,144.15484097388563
123,136.2411409826432
122,146.783952581859
121,156.22913069805142
120,131.05250702917624
119,132.90275099502912
118,132.99849686430647
117,137.95912940513344
116,124.87466514451008
115,130.14494116152636
114,121.7661287730687
113,133.46346280700013
112,140.76218137728424
111,142.29832253615078
110,114.47222941392428
109,124.5570429253733
108,140.75168026758146
107,134.70885713226792
106,132.8038726541632
105,131.11147655570926
104,134.31698193412973
103,129.0677289344914
102,131.01451260433527
101,141.73790271902163
100,107.62058120884485
99,116.84433776145825
98,118.48138034118878
97,113.1872546843511
96,133.3633811966049
95,129.29362644806952
94,117.23173680395344
93,139.93645137795815
92,139.47283385305013
91,144.44791635157145
90,136.76746545607378
89,112.9945550326275
88,128.5345417970547
87,135.43728668491931
86,121.5058858134942
85,122.7998620194287
84,136.79344767750538
83,138.48368528092809
82,117.80271353110776
81,138.04720272100036
80,113.34984533811975
79,134.643583866286
78,121.37591471291235
77,110.6354741341355
76,120.84540407102273
75,133.0434244805231
74,120.32346573876852
73,117.27255388824922
72,115.36531357251563
71,115.2955829230057
70,113.16473268436931
69,114.13657967955935
68,104.22389365412751
67,119.03957752902522
66,123.80963932403179
65,111.85148815138297
64,121.80235829093765
63,129.05606673139363
62,122.2239667432286
61,134.1703082791519
60,114.25960916601363
59,131.04574141339282
58,117.23775048389989
57,103.72503051666432
56,92.11919236285289
55,118.33958071969518
54,103.50638100590474
53,114.20876264225046
52,104.64115933180103
51,107.81046333963609
50,92.66379252938282
49,104.2835754801523
48,94.06978634517334
47,105.48463533826498
46,100.14281854109412
45,101.15813206874354
44,96.90455929388322
43,101.29707785938574
42,93.96403767006453
41,94.64152769010576
40,93.51440412980068
39,57.393586532874586
38,82.30411322790373
37,73.84270075974608
36,77.40089943020148
35,69.53433806214386
34,74.07272163929721
33,61.92093719055045
32,75.94817149322745
31,71.59505051197789
30,80.57672660387807
29,70.73365158443809
28,68.45039996623706
27,59.82994582086601
26,38.67097982534429
25,57.95475510981354
24,48.727977526592156
23,64.0770134918797
22,61.347898462306496
21,30.53048976001851
20,42.08271767600664
19,44.27808744399236
18,28.890843275978284
17,6.133322277995049
16,22.284389767549925
15,24.163242914415875
14,6.6865887285989345
13,13.873646292806598
12,8.92797221578762
11,5.42351766270302
10,11.083464182127628
9,2.926255493219486
8,6.520249108159504
7,0.0
6,0.0
5,0.0
4,0.0
3,0.0
2,0.0
1,0.0
195,234.443326607109
194,208.8195444560019
193,184.57611302256765
192,165.3274865898394
191,168.77504988244078
190,168.0949673475457
189,159.30304498278
188,164.37160337188442
187,156.55291061644766
186,158.70283388980238
185,124.76793508795434
184,132.5063307405206
183,152.27575070717836
182,133.81613128744647
181,141.3620453108731
180,140.6699554594404
179,130.27661701546262
178,128.97038255174047
177,129.12847642119374
176,126.8959519011502
175,117.88691386809987
174,121.46998134489498
173,136.997097476131
172,113.08696344652793
171,109.70740811857195
170,124.74710077007167
169,124.47069809028665
168,138.21165712969622
167,131.9220122312487
166,132.92389507224965
165,126.12518917499183
164,116.16482712412568
163,139.99069780829396
162,130.51182148309465
161,124.64616937305098
160,140.08537292246083
159,107.85422728353635
158,111.38781419453161
157,123.5442696980052
156,120.35087481780711
155,142.69742254175998
154,128.945069536944
153,123.76451919828311
152,130.8955242822483
151,121.20008238262214
150,114.97000930051006
149,136.30475853941923
148,129.91725854265064
147,125.81329609674648
146,111.14572647027049
145,115.88544176899457
144,138.08475596363616
143,124.98457696223281
142,100.61362546313575
141,99.7312243287779
140,127.41710026896784
139,111.02544375795794
138,133.13830519294638
137,134.22849271850674
136,115.99545981873598
135,126.98528336507108
134,118.38805848197018
133,109.23201158574885
132,119.28595762930495
131,128.256952886477
130,132.99767321671177
129,137.68971732335106
128,116.52202679281858
127,136.2314080478066
126,115.80974824119461
125,120.43563486957247
124,109.64591420454788
123,121.12908976865289
122,135.55587825695687
121,132.9719710894867
120,135.255782390527
119,123.13814413769445
118,131.91761192635636
117,114.79417543756922
116,110.66029986760377
115,125.1397628698407
114,120.99132404101447
113,125.35159868306432
112,115.94935830982614
111,110.92460126096903
110,109.01456193274294
109,128.9806682219816
108,135.27581472716685
107,111.00888804820008
106,127.39099667734153
105,124.9998408462437
104,119.29732277854164
103,106.7727575900947
102,124.1317359588782
101,120.49293244386769
100,119.63859741566651
99,110.84536230387221
98,98.96035576488981
97,125.40265963211218
96,102.78272199221504
95,88.05402042524014
94,97.54814546006845
93,104.33162512735692
92,92.56679140113226
91,87.18264160719441
90,92.78333488515676
89,93.89145305155444
88,107.23939022351828
87,105.64219067913574
86,104.65442982325702
85,94.3675554260605
84,114.19960534223152
83,96.71925136140737
82,103.0801655141061
81,117.5741673264011
80,109.31074246442667
79,114.84235933576481
78,114.56227666272184
77,105.67545073158107
76,102.94643536206934
75,110.37521202457444
74,101.37592224661137
73,91.83626139438508
72,100.08407681792441
71,96.96888118940896
70,112.33190866095626
69,112.25504176791164
68,80.64952775824763
67,100.29157526489945
66,93.27106957426611
65,85.56433036270599
64,78.57445841939706
63,75.02384004621217
62,75.81586353265723
61,84.66770409759826
60,72.9937546214472
59,85.44152073431601
58,82.84754124709279
57,72.4859867478649
56,75.60075176449921
55,85.02374046960253
54,74.5978472426568
53,70.38989079232593
52,59.95483609582096
51,80.30409203220947
50,77.4027199898043
49,59.04131189862062
48,50.07981171267334
47,67.50318319477867
46,53.61575706215983
45,57.630094369225525
44,56.44478536906806
43,56.57583413736666
42,39.44106777927935
41,66.54799794707418
40,70.2659588892642
39,71.40853147603573
38,47.05193751604538
37,28.14470707568033
36,44.75147872708827
35,67.69441077034318
34,54.34251267917979
33,55.64636817392493
32,38.075062290567345
31,23.475765413652894
30,36.99382203447978
29,34.96568376392602
28,37.17686557757902
27,28.312981950798658
26,21.50102811023568
25,41.524405222208074
24,18.675433985582146
23,17.24499160831523
22,20.61693785463565
21,26.313448596081585
20,33.46290295304732
19,22.88676287973317
18,14.213968560319188
17,16.83969492386194
16,23.777344123885527
15,25.432069781789906
14,9.185051902796673
13,6.3869987827370664
12,9.101296187704051
11,0.0
10,0.0
9,0.0
8,0.0
7,0.0
6,0.0
5,0.0
4,0.0
3,0.0
2,0.0
1,0.0
135,216.60318867572448
134,181.5660210455468
133,166.50097059152185
132,153.1423081985587
131,156.20832173913536
130,115.39440225276175
129,118.86591839915405
128,108.66796857216512
127,115.50501268349305
126,113.68365717556519
125,92.06911866487721
124,117.68214143174212
123,110.26707010786787
122,121.84832945349228
121,114.41096234938831
120,106.08188615149739
119,90.47566838079926
118,110.43916614807976
117,99.11952028409051
116,103.54499734988246
115,104.59412477828306
114,92.57114118435597
113,91.8861772337084
112,81.78125648843144
111,90.09227058479586
110,86.29919724493352
109,93.63701055348481
108,116.54118847632634
107,94.34716212780643
106,93.10588682640002
105,100.43116415967876
104,84.03403872134825
103,84.07840935704981
102,93.92771552315673
101,84.24681918898816
100,104.15703233950175
99,90.48781462028165
98,108.68668907724812
97,91.7995225258253
96,97.58432149538588
95,108.77868189450162
94,85.63932498004914
93,85.92487338946832
92,85.09046299641227
91,80.52103262105535
90,96.92888512728533
89,85.21282568726525
88,98.33139344581178
87,95.6950944233752
86,96.9921949733496
85,98.7370782142126
84,78.77657393017304
83,88.45922997310804
82,83.76296397550486
81,84.62269177159696
80,89.45246910971956
79,107.4853843125401
78,96.4009506636116
77,82.62496404431445
76,100.76526677292614
75,92.58930224314874
74,104.70073097563663
73,100.21200335899526
72,92.34484866830213
71,95.85349546241892
70,97.88465113447901
69,98.54103619753427
68,97.57980734596798
67,97.80012998069189
66,98.9313580540934
65,96.17538265182415
64,106.48640416785376
63,92.64913617295873
62,101.33148667715935
61,86.49483652149517
60,92.94838488888166
59,98.63180297424722
58,79.99278491145488
57,89.29564521805885
56,89.31096664322007
55,103.15861948092704
54,93.86731285968466
53,100.06093693003747
52,88.37114584762799
51,73.77255724752973
50,94.50157646902298
49,85.17965123001869
48,77.71012551677671
47,89.59198938747554
46,109.15538636481465
45,101.91708290412363
44,81.4671015444106
43,73.42161709325532
42,72.98920553859544
41,77.3346928703076
40,87.68899571024531
39,87.14948169767166
38,86.10115641991607
37,71.28884198713197
36,70.38783819815458
35,75.96344290575853
34,74.11558464043338
33,77.28557970349249
32,57.751207975140126
31,63.975340986565485
30,60.95594794016133
29,62.8794761114813
28,61.06890004335447
27,34.39267528264152
26,56.53418179632275
25,35.648964016855246
24,40.24989623297505
23,27.70264770848972
22,30.734755806445946
21,53.06207579563892
20,41.10665509557742
19,57.077172404824324
18,31.824931351635584
17,18.263228497455373
16,50.08616523847035
15,36.48755366141722
14,34.58095447369122
13,34.79072885704508
12,19.543247929384506
11,34.023469060254115
10,0.0
9,0.0
8,0.0
7,3.35096994537912
6,10.59451241745407
5,11.38906739987155
4,0.0
3,0.0
2,0.0
1,0.0
269,265.1397011831634
268,241.112526558544
267,227.50135703954453
266,221.92438521022197
265,216.09288238668594
264,195.8441098538721
263,211.00879160673838
262,203.61559818716378
261,198.8065057613531
260,220.8009111270561
259,202.5316907676659
258,217.27269734069816
257,206.47286393350709
256,191.87726307992347
255,198.682104004449
254,213.02333892022034
253,199.56572528003682
252,197.13572825880453
251,193.597929461604
250,185.41364167366544
249,195.8652226601301
248,192.36073393921794
247,213.56162825548012
246,182.42672052092087
245,196.13447912838768
244,204.15627915438228
243,209.9019839960381
242,191.10894422404573
241,216.94289484730456
240,210.16248149733173
239,209.0270527748317
238,198.3931804361951
237,190.84629075507885
236,213.5422971482098
235,197.88463973448552
234,199.84983342612162
233,198.05221719408826
232,187.32595545910095
231,200.92258943954528
230,172.85898220082018
229,190.20124559770292
228,194.62220665357566
227,206.6912182898945
226,200.00902019077313
225,200.43739868721093
224,162.57397421989975
223,210.38841709257636
222,199.65860041540623
221,189.06710498976483
220,181.53171594713882
219,190.26701046911938
218,186.13394925088744
217,192.0918065591278
216,187.22181018309925
215,199.60444860265875
214,196.0478393276422
213,188.47835135076633
212,174.08715610876183
211,191.58836897655334
210,180.21117016573288
209,182.5192643366952
208,172.404706233328
207,176.4242627860806
206,173.90595799573217
205,186.66713740991253
204,167.34790229658364
203,179.94275300488718
202,177.86412496445075
201,181.70363428697874
200,191.87768968162777
199,172.85399142649638
198,181.68892314176975
197,168.30240019476474
196,166.2715115235758
195,156.54666155022704
194,152.35610248980112
193,145.9253248422528
192,141.73384214981536
191,151.26725985050604
190,151.82323134625915
189,146.49443111418827
188,149.13969183750953
187,154.51560069397146
186,140.9617128785383
185,134.61733210885916
184,152.32999296504292
183,170.73681692640207
182,152.22027414184316
181,149.3423461222979
180,161.94823709524874
179,153.7075297127806
178,169.6754004559432
177,146.3701116171319
176,136.16495575611586
175,151.21722797521957
174,138.19967590969924
173,156.03725907937687
172,156.7337475684434
171,158.05637394620595
170,162.75645857745894
169,136.65157428877504
168,157.155483885879
167,155.77313809348246
166,150.8836878361343
165,151.89850051819838
164,157.57343153737565
163,152.58348754355097
162,146.50255972058045
161,151.1095068046712
160,172.66160314538246
159,150.8537518235214
158,153.71593627703254
157,150.8172691045471
156,153.06171104128742
155,165.5806127687008
154,167.44349659137603
153,141.52728409667662
152,154.47818451436606
151,147.24746129115073
150,136.87411148452884
149,141.5504207465325
148,156.74776534443217
147,158.97559298951904
146,129.5938571193172
145,158.86071327922903
144,150.42185728241833
143,151.97527010812706
142,118.18133377889501
141,156.38770607376503
140,125.01179955541912
139,136.67254265953616
138,140.71017577258735
137,127.00662683336604
136,153.97308318437035
135,148.56351143112315
134,157.41575094722694
133,137.6887014220313
132,157.20604049587837
131,146.691120262252
130,128.21593879945056
129,132.22508067813322
128,148.1710096748912
127,158.99346368952033
126,146.73195186062742
125,136.25586797113976
124,120.33737211865756
123,154.94731498510643
122,157.179607004046
121,136.7428768809445
120,126.45080729357244
119,129.84219959617377
118,131.7746547383977
117,125.49704766018328
116,142.20358041015228
115,122.2652919335802
114,115.22438310078573
113,122.39410085549267
112,119.39644521819332
111,117.56231569975287
110,114.30494734543198
109,121.40433934930496
108,139.01058350501734
107,102.77941294932347
106,115.15411282710315
105,111.00209889303605
104,119.02204020524975
103,132.71211952751213
102,112.64958340702694
101,109.78386093047067
100,124.52265022659776
99,110.47457349368725
98,125.43170001334272
97,133.07044644112568
96,131.58686473265206
95,107.30428608644986
94,111.10312873380909
93,123.16477645562273
92,128.9470292404627
91,127.51858359673037
90,135.43857440606584
89,136.86909425921183
88,117.97736364607387
87,102.15908822838665
86,110.60512990180109
85,117.71756865670402
84,129.83921999084123
83,108.0749102264259
82,110.79558210037341
81,108.03936889162931
80,102.42795561147575
79,112.28873821922183
78,98.70997955866487
77,87.73355919811186
76,105.07059682873587
75,90.26913627023721
74,82.57366964352315
73,97.09338993336623
72,92.14984185341028
71,70.37437032839352
70,92.09249115214048
69,88.16437384815416
68,79.26572430145617
67,77.61713878520936
66,74.4126459789563
65,91.26162280280735
64,80.58726125742184
63,76.79945138373597
62,76.20552528630705
61,86.7689776033686
60,69.70933855205436
59,65.40376647365244
58,48.95536256723611
57,69.1820521193249
56,90.08177000559638
55,60.21085374390167
54,66.34404246440023
53,65.56094333305329
52,69.83806425388366
51,60.957932773391626
50,67.29370264725031
49,60.54019526429312
48,53.57876927760654
47,52.39214677474225
46,72.11389673530877
45,44.00977159934912
44,73.98495338853047
43,51.97262882972225
42,49.708950153530274
41,49.2497379764538
40,44.23448079015904
39,56.18413467356185
38,46.57392328874296
37,41.654797704275865
36,58.3341881788928
35,40.65998572377258
34,44.08339114212333
33,40.095218568784816
32,37.77351539599954
31,43.59084719117317
30,43.32276989280925
29,40.32092571554108
28,25.547682182958596
27,19.822161994378774
26,19.01829545637439
25,21.358022342668633
24,11.468872469599361
23,3.647314266302118
22,11.2938546366629
21,0.0
20,6.901952902474761
19,0.0
18,2.1825851373888554
17,0.0
16,0.0
15,0.0
14,0.0
13,0.0
12,0.0
11,0.0
10,0.0
9,0.0
8,0.0
7,0.0
6,0.0
5,0.0
4,0.0
3,0.0
2,0.0
1,0.0
154,216.99107758293405
153,211.2841883423744
152,198.81963747272653
151,179.71995537276342
150,190.81018526596174
149,177.75115269227445
148,174.04272039414957
147,184.73033215772745
146,173.4749031338908
145,162.94839449561096
144,146.08124322921606
143,160.97153874966978
142,151.12825890377877
141,152.35807483550292
140,147.85852054805304
139,161.05766157042453
138,140.9492853053409
137,144.94887316742535
136,146.6706019523844
135,139.18237639108807
134,151.05282868988664
133,143.86250899919312
132,114.60608511337546
131,133.1458426820991
130,135.7800414139535
129,126.42434937807573
128,132.0793168001402
127,115.34941832471772
126,113.34163542096881
125,125.85766492682802
124,132.22420232887964
123,134.45546070417015
122,98.29305467113761
121,117.98757047311175
120,109.9914328140064
119,109.7242241818011
118,123.23729196680083
117,105.3397691526292
116,109.49741563205859
115,111.51215908746002
114,103.80262181869662
113,125.00560949201628
112,126.97138827771006
111,122.90051142538431
110,109.24448878087387
109,121.29490405306623
108,124.31138866922507
107,112.5567187143013
106,127.62047287884023
105,128.71628745347985
104,131.48496495515747
103,116.5923812637838
102,120.50956981439045
101,122.07757113456279
100,116.66954720128885
99,134.9226591196791
98,140.86034384184484
97,119.00478302262093
96,126.79611079273323
95,117.4341252161956
94,115.67148278433461
93,129.62700425166713
92,120.97386035546646
91,111.70322732273299
90,130.4599103953501
89,125.30541103180751
88,115.07371790187744
87,105.47952408437659
86,103.0070777715952
85,113.30862695478154
84,131.36365181469915
83,100.58933289048889
82,126.38419560537365
81,115.33764333529882
80,110.56385162289911
79,111.79060828986128
78,119.55978589757461
77,106.39044875054284
76,107.48768917354315
75,100.44141825459248
74,121.87861535574065
73,122.17665429414552
72,118.91819894498514
71,110.68243977521198
70,120.16040239846278
69,110.75854406922834
68,120.28641031535686
67,111.36444752400712
66,103.11053052337752
65,118.40652133383807
64,101.62692742336317
63,118.16945858609073
62,93.57990353718425
61,87.39584575908921
60,80.15768636010651
59,93.58830547942758
58,98.7815201193061
57,85.89113935537853
56,76.2272186245387
55,87.05438360982907
54,83.4259092891066
53,101.89386187666501
52,97.53754624385144
51,106.43003669878134
50,74.10918809367462
49,89.570880028501
48,82.40595846339656
47,102.5436697148844
46,78.04774443805024
45,93.34730437710897
44,81.59435351945467
43,95.69247665226511
42,57.9034297330655
41,92.76735183205224
40,92.53361765678221
39,79.18959125226434
38,65.98944170255612
37,63.0817449375977
36,80.10450491136096
35,76.77656279200625
34,71.85053921579902
33,70.47380383209048
32,83.48390621130886
31,69.90458387672896
30,57.55365735483143
29,76.18923385052834
28,57.145304884192
27,54.24698610358253
26,49.09620030785316
25,58.23271706516783
24,68.39953546673235
23,37.16737329914176
22,52.49536059540574
21,58.117434022648645
20,43.91922907733165
19,42.79791889869591
18,35.15844102165684
17,37.73887693426494
16,34.6268235251207
15,29.849536672525957
14,37.6994448216922
13,42.51365304667031
12,37.429468305426184
11,17.584302498212423
10,17.126446987450635
9,17.62153039920598
8,13.962644137479558
7,10.397475406152893
6,0.0
5,0.0
4,0.0
3,0.0
2,0.0
1,0.0
231,281.19872881177207
230,309.57124810359073
229,330.21477431047197
228,333.1967652414269
227,295.1096983960921
226,269.5871522612234
225,247.01693258353566
224,263.5933671563499
223,244.07732955287545
222,224.51596675476912
221,254.56605376314178
220,244.1241680400439
219,221.31754225296723
218,229.60141521677502
217,194.3930132837665
216,210.15804864678404
215,215.86928504157447
214,214.91480963171182
213,189.99095373932323
212,219.7606904515137
211,213.11708504500774
210,205.09569282460367
209,209.45477152096373
208,202.00371692121954
207,203.19440235556664
206,209.7710130847525
205,203.59661654530748
204,193.4714866312933
203,202.23321980258146
202,193.12629186445926
201,185.39312681677734
200,201.76460095608508
199,178.34040485134474
198,183.6591220625501
197,185.65013156953898
196,192.8488396422989
195,176.03132188731345
194,186.72471171016377
193,183.313728270322
192,191.5086499677622
191,171.269213702929
190,169.20131587704344
189,187.25494240452494
188,191.41114456761426
187,168.35048041286257
186,163.11210470101932
185,175.2000132963031
184,158.7643015614765
183,151.72592556192092
182,168.60845052309418
181,141.63020662021563
180,171.45944831466488
179,179.2970560376445
178,168.432449996312
177,171.7631972772947
176,175.31424111528474
175,175.56767259509013
174,163.9425876228829
173,160.64184997997094
172,166.54090365570053
171,158.69175056604865
170,160.54659945706248
169,163.30868066548572
168,179.22469193237578
167,164.69153692809527
166,158.13815672667462
165,166.8391836803209
164,159.24356061404742
163,171.82767273981253
162,190.89575037390085
161,166.53129558515178
160,188.14362306636923
159,188.85514214095485
158,168.9394716139754
157,186.8587004034846
156,189.59345218287802
155,164.36880837392638
154,178.50284157840963
153,171.60575865705846
152,156.17775180662392
151,154.7964569739948
150,163.92180200644253
149,156.28269053862465
148,154.9249066331119
147,160.13355754269534
146,169.97509400811362
145,152.44857680396308
144,151.26861647219388
143,154.52647993290114
142,133.67769762986183
141,151.45005531838092
140,158.66833245760964
139,157.97717154827893
138,150.87995547400283
137,163.66691775638748
136,139.32461500991275
135,138.25566972754757
134,139.98919709841243
133,157.53139116264546
132,137.0155891525721
131,145.4854746923161
130,143.98086325521012
129,123.59166431296357
128,144.891530966748
127,138.34111713488363
126,135.90414542491075
125,167.52818371400545
124,169.31173169964012
123,157.64346435763093
122,152.85095270896963
121,162.28040369636966
120,150.42800489938224
119,172.98936971921592
118,147.91080123353865
117,153.63765891209994
116,152.8527034348497
115,171.89990732127774
114,124.2217921740467
113,149.24487807504204
112,152.88169454446245
111,139.44208026615894
110,143.24590368032273
109,138.9047133464511
108,152.48126122023064
107,138.47051458212405
106,127.9930475730222
105,146.90563145610633
104,132.76099947766528
103,164.25162522376678
102,132.10892876794165
101,155.29745303944844
100,136.37637764898258
99,141.2484019203742
98,130.53092861971305
97,145.6655065242768
96,129.2008286555606
95,126.8214330421664
94,147.29895120911033
93,133.95187938661854
92,120.24146416971483
91,140.96323922559682
90,141.22334196530818
89,136.449711807242
88,129.37358380777732
87,126.04121478505397
86,154.46674825747564
85,147.39767926155292
84,159.5682745629004
83,140.604869356012
82,141.44192798586982
81,142.66044650442933
80,157.46518502885044
79,125.11673092960636
78,145.15557420714936
77,119.20486877278368
76,139.52139132470577
75,136.53387726531184
74,146.2443781546256
73,117.98793376622285
72,115.35698566585296
71,134.262439314816
70,145.77853372608735
69,112.99173920812143
68,126.80500841013898
67,120.18124383495422
66,112.94018163678447
65,119.13079076056025
64,105.66162690298012
63,110.56770226150626
62,94.87965259238106
61,112.60856275385818
60,108.2194712154645
59,106.81359659259427
58,107.63748723421429
57,92.75469963593024
56,114.63464359781162
55,104.07303491070252
54,111.63264787586637
53,91.41394584149258
52,62.969601383441315
51,69.71561496217814
50,73.73602530502635
49,74.34335260395649
48,67.22771017944632
47,95.21152122373543
46,56.13533389478444
45,64.46347352608807
44,59.14502235204878
43,74.96117298062543
42,78.6499202640168
41,67.18769752958792
40,77.55652130003617
39,72.03275505588704
38,71.58650487886501
37,69.4514687237558
36,72.29227850260244
35,62.194707441564454
34,57.69121215209066
33,61.67398969510871
32,62.16641067338652
31,60.20397451287176
30,70.38601562624282
29,59.25909856868781
28,50.60165865796875
27,46.67245286093942
26,45.19849028402352
25,32.67421844721849
24,30.50732358757557
23,28.509299818350172
22,21.26285362621519
21,8.769781390502757
20,24.231131103463625
19,18.695317555535922
18,18.052928398063997
17,9.944788195118349
16,0.5311997110668472
15,0.0
14,0.0
13,0.0
12,4.125862318651414
11,0.0
10,0.0
9,0.0
8,0.0
7,0.0
6,0.0
5,0.0
4,0.0
3,0.0
2,0.0
1,0.0
163,251.18651544218494
162,192.53532187095573
161,178.21950772159107
160,177.36343064422528
159,180.9292323712733
158,163.52382775998782
157,164.42927346068163
156,159.86130480154327
155,131.9655294882434
154,142.53686633814772
153,148.45489676277543
152,141.12034045447973
151,114.76597178175459
150,130.28096278397376
149,136.03420294030678
148,129.9440314097393
147,131.0589871274809
146,138.25060335218578
145,124.21081673202221
144,117.1791005003467
143,127.46425675565048
142,122.73135159534847
141,127.92732896725809
140,120.44196084389903
139,130.3394406507302
138,131.13877800088503
137,116.34228215691913
136,121.96652183299373
135,113.69442248610807
134,122.33023369335338
133,130.2500251455952
132,129.05208472828923
131,122.00243294416455
130,137.75307806617212
129,132.1071158597679
128,131.76314828783595
127,128.79432990021152
126,117.59342842562084
125,145.7697017467139
124,129.75362730487444
123,130.72512501054408
122,130.70626079343657
121,130.2167767374293
120,130.447492610491
119,130.64681375456576
118,123.99641891368121
117,143.1427678760133
116,119.1735083339628
115,104.13314712512668
114,108.18863734521351
113,137.083116953939
112,123.616517908932
111,140.71389308649907
110,128.97390854034217
109,129.30909883799941
108,141.0648636733096
107,130.6147445873343
106,114.70989788930038
105,120.25448344772117
104,136.23567822042327
103,125.42905417129704
102,122.2260734215248
101,147.21493883488526
100,122.04227320467581
99,114.14574004713869
98,127.70385443529082
97,119.35087276907963
96,126.01935003739233
95,121.33351649574807
94,127.16559369391437
93,121.17988140791564
92,120.36745713735671
91,115.8663507869644
90,128.89302847548922
89,112.5688603271764
88,110.2186968369176
87,117.2238153655285
86,103.78821908259343
85,121.6910894446128
84,115.0522631977278
83,108.11637326758272
82,112.56786779329727
81,111.83174373555151
80,115.20898510887467
79,113.43621653944868
78,125.89732961204156
77,81.8220420112985
76,114.96728638538562
75,113.61539635630874
74,103.46537710238515
73,112.29771491366299
72,101.61538275411858
71,95.19091489892446
70,106.58989344056951
69,87.04877125522353
68,105.49972365971527
67,98.48554181436673
66,88.73903296542355
65,113.73591320877775
64,98.83953423081493
63,75.2795159897369
62,101.48189152810852
61,79.22655843778284
60,90.89256730673357
59,85.78876652235618
58,68.84736164107716
57,88.85162397529476
56,78.08977459508638
55,74.120758404713
54,78.75295943320246
53,81.49645835540647
52,69.02619233811771
51,83.14328753331839
50,75.76657461403235
49,77.28172747286175
48,71.27094619646873
47,66.91516125589337
46,84.76496887893256
45,72.18318874715516
44,82.12660340930657
43,72.41942333107028
42,76.9797212325914
41,62.4082378635228
40,70.15479332405303
39,83.31428068469829
38,78.32344856814927
37,82.47489445339686
36,70.35901573643989
35,84.1711389621674
34,72.96074962400758
33,62.70568538173054
32,59.848063197702565
31,56.94532878616271
30,54.96582046662233
29,51.41826708285057
28,44.01066502865062
27,69.25281897738705
26,53.045879911766086
25,53.25453792229806
24,37.1033169241325
23,37.046714045897886
22,34.86138415945419
21,26.596186856699106
20,22.616404603745778
19,37.905325626440856
18,13.091327464374643
17,16.226410880589313
16,7.870160342319238
15,3.4633648457237314
14,33.649576221412616
13,3.097599178782275
12,9.576000748315465
11,0.0
10,0.8786374500048595
9,0.0
8,4.489388539723095
7,0.0
6,0.0
5,0.0
4,0.0
3,0.0
2,0.0
1,0.0
191,226.4659082566705
190,220.72274712817023
189,199.41416240107435
188,195.06947316764712
187,186.7314220609582
186,177.969405984563
185,155.45336006148378
184,158.80922215925727
183,156.67075637502978
182,153.4137679984438
181,155.7161723689786
180,159.46671874492944
179,145.83645107520644
178,146.95849549089053
177,141.524977164639
176,158.54825182097701
175,133.16170389899168
174,144.98056483894476
173,157.06671931674325
172,129.47353393464323
171,120.88480224049462
170,138.9084332224761
169,126.9657018970634
168,133.66217806736947
167,125.13094178384182
166,109.13141678059948
165,99.51215937344948
164,114.14564611493624
163,112.4195432042937
162,103.78521785469025
161,107.60282305920899
160,98.20399242567959
159,120.59456112950262
158,99.46061389643378
157,107.5305043905229
156,114.96222178895854
155,102.53652669890808
154,105.72727326715838
153,109.41592806507344
152,111.95918386171765
151,116.03995709054853
150,104.71378666013258
149,109.67980955298236
148,101.36780379315539
147,119.4633196713448
146,118.01647561283254
145,116.76704578065673
144,129.21732675276886
143,97.38040066796876
142,119.51751722127214
141,128.2874376356932
140,107.27506731074814
139,112.80122614446798
138,131.15948890320936
137,122.76561610106722
136,115.34691140084087
135,122.53976046639076
134,112.76383608240396
133,112.39921093270362
132,120.59131470989063
131,127.01784985514286
130,115.07653170510652
129,116.08837640520292
128,110.25426766396616
127,107.1492694455755
126,94.35333296941553
125,109.62761407709688
124,107.41992960164143
123,124.79433778902543
122,124.73750576871004
121,113.67241522078307
120,108.99797855594271
119,99.94824875291945
118,121.49881428883141
117,113.79642217667453
116,112.70503150830928
115,110.66931987270188
114,106.28437017651763
113,104.44650760556684
112,104.58330379100612
111,108.49691212283287
110,112.207444336178
109,109.86206777070115
108,119.7676769471582
107,100.23311104960737
106,105.61339186176806
105,99.64304718454683
104,94.89852546357042
103,105.58372090651434
102,130.35128883865855
101,98.46565891018415
100,111.85410282917996
99,105.74582625912514
98,105.79613618287732
97,100.66186034309436
96,105.91857661769673
95,119.81991692614675
94,108.70619191930294
93,119.78798916853341
92,109.13745553226342
91,119.62399486243605
90,119.50679778015905
89,99.49090283412566
88,101.89878046916061
87,92.63177755673206
86,115.51978880527257
85,105.03571878868479
84,120.46890953027534
83,126.62531828954393
82,98.27721305745621
81,106.849379250756
80,115.81574531916097
79,99.96464121822686
78,112.4699939057585
77,91.05288936229856
76,96.37392564856411
75,105.16278962802122
74,84.60834775787087
73,98.07967175927374
72,88.03623925766668
71,89.37424934052545
70,84.93704462040122
69,69.0268178847261
68,92.08599311940583
67,88.27531646963598
66,96.51159744113995
65,99.00750276122156
64,79.8825811462676
63,79.71087631772437
62,95.95005148597576
61,64.45765097576871
60,68.8623418252289
59,76.63850833288116
58,69.62846603388944
57,65.77465069026348
56,57.68667893503241
55,76.06042783169349
54,65.71524231505231
53,66.93321559656238
52,69.35410439124652
51,63.565337815319666
50,51.05658341036346
49,56.96750412326726
48,72.53748946869413
47,45.60908864264342
46,69.23493695890593
45,75.89004249999991
44,68.04269134327373
43,63.23015838521856
42,64.03998064378868
41,60.71105197443663
40,60.64710272309262
39,48.27481843502702
38,45.34682138861608
37,66.53119853985649
36,69.15695523788949
35,76.68780652942894
34,42.59078933140847
33,36.34618397204716
32,63.30264114225849
31,36.71362582089225
30,60.41576457978843
29,31.674167422430344
28,45.37934930161753
27,32.084328197556076
26,24.74333821294205
25,15.438799087851464
24,24.783382575813008
23,19.117601408492618
22,38.48441989528156
21,35.070821810079366
20,16.618868485743633
19,2.356028800523262
18,12.1002813207338
17,27.06679743005178
16,22.944845578746637
15,6.972944770521934
14,0.8865550214570703
13,0.0
12,21.953984744959826
11,1.8597962795954004
10,25.83365823277731
9,18.925417488951723
8,15.943576874926862
7,8.847688707511821
6,1.8189801497704252
5,12.691815385577655
4,5.22153539221776
3,12.548671153360473
2,0.0
1,0.0
